Data,Palavra-chave,Porcentagem Positiva,Porcentagem Negativa
08/05/24,desmatamento,30.0,70.0
08/05/24,incendios,40.0,60.0
08/05/24,barragem,42.857142857142854,57.14285714285714
08/05/24,chuva,55.00000000000001,45.0
08/05/24,poluição,7.142857142857142,92.85714285714286
09/05/24,desmatamento,27.27272727272727,72.72727272727273
09/05/24,incendios,40.0,60.0
09/05/24,barragem,25.0,75.0
09/05/24,chuva,65.0,35.0
09/05/24,poluição,7.6923076923076925,92.3076923076923
10/05/24,desmatamento,0.0,100.0
10/05/24,incendios,50.0,50.0
10/05/24,barragem,25.0,75.0
10/05/24,chuva,65.0,35.0
10/05/24,poluição,7.6923076923076925,92.3076923076923
11/05/24,desmatamento,0.0,100.0
11/05/24,incendios,35.0,65.0
11/05/24,barragem,11.11111111111111,88.88888888888889
11/05/24,chuva,65.0,35.0
11/05/24,poluição,0.0,100.0
12/05/24,desmatamento,20.0,80.0
12/05/24,incendios,50.0,50.0
12/05/24,barragem,50.0,50.0
12/05/24,chuva,65.0,35.0
12/05/24,poluição,15.0,85.0
